{
  "poolAddress": "KMJJWH55N6U2ZWUTKK236Q66QFFLCO37GVYIZH6YA6R5QCTYMASUXTCUQ4",
  "poolAppId": 1002541853,
  "assetIdA": 403797689,
  "assetADecimals": 8,
  "assetIdB": 31566704,
  "assetBDecimals": 6,
  "assetIdLP": 1057965891,
  "a": 813830580240,
  "b": 2741076,
  "stableA": null,
  "stableB": null,
  "af": 3081352914,
  "bf": 10089,
  "l": 0,
  "pMin": null,
  "pMax": null,
  "verificationClass": null,
  "protocol": "Tiny",
  "timestamp": "2025-08-23T14:09:32.1005652+00:00",
  "ammType": "OldAMM",
  "approvalProgramHash": "dd63834ddcd51013ec0a22142497ad4c6d74e421e6c79149422c243346691f56",
  "lpFee": 0.003,
  "protocolFeePortion": 0.2,
  "virtualAmountA": 8169.11933154,
  "realAmountA": 8169.11933154,
  "virtualAmountB": 2.751165,
  "realAmountB": 2.751165
}