{
  "PoolAddress": "RT5KAKAZZS7IPGTDXKP27LS7I2M5VBX336YA3VP4UKEDS2UVOWHPTKR5QE",
  "PoolAppId": 3136517663,
  "AssetIdA": 0,
  "AssetADecimals": 6,
  "AssetIdB": 452399768,
  "AssetBDecimals": 6,
  "AssetIdLP": 3136517666,
  "A": 33216844392000,
  "B": 409651508478000,
  "AF": null,
  "BF": null,
  "L": 3715713258709662,
  "PMin": 6.25,
  "PMax": 7.1428571428571428571428571429,
  "VerificationClass": 0,
  "Protocol": 2,
  "Timestamp": "2025-08-18T11:15:42.0563679+00:00",
  "AMMType": "ConcentratedLiquidityAMM",
  "ApprovalProgramHash": "af89b67168c410fb94b2dae735dd2483071d7ef0114de56e53aa2f15f681637a",
  "LPFee": 0.0,
  "ProtocolFeePortion": 0.0,
  "VirtualAmountA": 11345.477188030256454433680917,
  "RealAmountA": 33216.844392,
  "VirtualAmountB": -9223334.762237935567245368849,
  "RealAmountB": 409651.508478
}